mean_fit_time,std_fit_time,mean_score_time,std_score_time,param_classifier__subsample,param_classifier__reg_lambda,param_classifier__reg_alpha,param_classifier__n_estimators,param_classifier__min_child_weight,param_classifier__max_depth,param_classifier__learning_rate,param_classifier__gamma,param_classifier__colsample_bytree,params,split0_test_f1_macro,split1_test_f1_macro,split2_test_f1_macro,split3_test_f1_macro,split4_test_f1_macro,mean_test_f1_macro,std_test_f1_macro,rank_test_f1_macro,split0_train_f1_macro,split1_train_f1_macro,split2_train_f1_macro,split3_train_f1_macro,split4_train_f1_macro,mean_train_f1_macro,std_train_f1_macro,split0_test_bal_acc,split1_test_bal_acc,split2_test_bal_acc,split3_test_bal_acc,split4_test_bal_acc,mean_test_bal_acc,std_test_bal_acc,rank_test_bal_acc,split0_train_bal_acc,split1_train_bal_acc,split2_train_bal_acc,split3_train_bal_acc,split4_train_bal_acc,mean_train_bal_acc,std_train_bal_acc,split0_test_f1_weighted,split1_test_f1_weighted,split2_test_f1_weighted,split3_test_f1_weighted,split4_test_f1_weighted,mean_test_f1_weighted,std_test_f1_weighted,rank_test_f1_weighted,split0_train_f1_weighted,split1_train_f1_weighted,split2_train_f1_weighted,split3_train_f1_weighted,split4_train_f1_weighted,mean_train_f1_weighted,std_train_f1_weighted
2373.587027263641,15.159636915106287,0.524949598312378,0.10137561823701983,0.8,0.5,1.0,200,7,6,0.3,0.1,0.9,"{'classifier__subsample': 0.8, 'classifier__reg_lambda': 0.5, 'classifier__reg_alpha': 1.0, 'classifier__n_estimators': 200, 'classifier__min_child_weight': 7, 'classifier__max_depth': 6, 'classifier__learning_rate': 0.3, 'classifier__gamma': 0.1, 'classifier__colsample_bytree': 0.9}",0.9017353199180297,0.9030024127931935,0.915199516989267,0.8992621863066746,0.9026613077445103,0.9043721487503351,0.00556955364436735,14,0.9966134682774455,0.9962087323642701,0.9957070151686909,0.9955932437078218,0.9954203556422547,0.9959085630320967,0.00043940580467230695,0.9028860773224119,0.9203560396314285,0.9251422358905718,0.9009988650538402,0.9010884103020549,0.9100943256400613,0.010464560526919192,6,0.9993605754795475,0.9995473516290826,0.9995527652722268,0.9995769127789966,0.9995061636586111,0.9995087537636929,7.750609266355597e-05,0.9790586621387238,0.9799422503443453,0.9808019548231436,0.9800088942196803,0.9782848275811148,0.9796193178214017,0.0008660120620752923,14,0.9991615368083437,0.9990345564682988,0.9989359206844749,0.9990355041488325,0.9989068177350188,0.9990148671689937,8.970257984165329e-05
2223.495094490051,4.369201109100456,0.5782174587249755,0.03053283426834297,0.9,0.1,1.0,300,1,3,0.3,0.1,1.0,"{'classifier__subsample': 0.9, 'classifier__reg_lambda': 0.1, 'classifier__reg_alpha': 1.0, 'classifier__n_estimators': 300, 'classifier__min_child_weight': 1, 'classifier__max_depth': 3, 'classifier__learning_rate': 0.3, 'classifier__gamma': 0.1, 'classifier__colsample_bytree': 1.0}",0.8228420525283573,0.830019385617552,0.8285081256096852,0.8280424018336724,0.8235059248407545,0.8265835780860042,0.002867325802486663,21,0.8928572496300055,0.8893892101995091,0.8870435515988351,0.8977803690668775,0.8914636397019867,0.8917068040394428,0.0036162967418635907,0.9044925016293593,0.9114983642590907,0.9187651764061112,0.8988422112195922,0.8988024968812542,0.9064801500790814,0.007711544079097852,23,0.9803802602160958,0.9789850805886633,0.9790648673877858,0.9792128361311733,0.9787256005225947,0.9792737289692626,0.0005754137954263856,0.960119304171646,0.961041272179469,0.9604529310610695,0.9614375172077193,0.9602152384322976,0.9606532526104402,0.0005065009818710244,21,0.9757738767268956,0.974869933936558,0.9744788179783033,0.9760194743679492,0.9758568426997071,0.9753997891418826,0.0006102104027530862
3299.9542675971984,29.409512594203576,1.3731919765472411,0.04401715230437024,1.0,0.5,0.1,500,1,7,0.1,0.3,1.0,"{'classifier__subsample': 1.0, 'classifier__reg_lambda': 0.5, 'classifier__reg_alpha': 0.1, 'classifier__n_estimators': 500, 'classifier__min_child_weight': 1, 'classifier__max_depth': 7, 'classifier__learning_rate': 0.1, 'classifier__gamma': 0.3, 'classifier__colsample_bytree': 1.0}",0.9000350876840848,0.9126220833271065,0.9106361607734186,0.901013051338629,0.9016791138187052,0.9051970993883888,0.005314934065948699,13,0.997048068388996,0.9963164648076701,0.9959268272926414,0.9967726999427498,0.9956424687952949,0.9963413058454705,0.0005189213679759883,0.9007303097035096,0.9238848945339587,0.9207982841041481,0.8986406824469999,0.9007681809489247,0.9089644703475083,0.010992901018035642,10,0.9997323406409645,0.9998240681649619,0.9996476971461747,0.9997514923070913,0.9997516256446521,0.9997414447807689,5.639633098650464e-05,0.9789736910592061,0.9816494045532607,0.9806688345181341,0.9803297517878872,0.9781986273762571,0.9799640618589491,0.0012303175895834848,13,0.9993462226612073,0.9992756351686417,0.9991622789291043,0.9993037408757877,0.9989787985937737,0.999213335245703,0.00013215726397851043
2635.29158244133,23.001684571427674,0.8158233642578125,0.19529614869252263,0.8,0.0,0.0,300,5,6,0.3,0.1,1.0,"{'classifier__subsample': 0.8, 'classifier__reg_lambda': 0, 'classifier__reg_alpha': 0, 'classifier__n_estimators': 300, 'classifier__min_child_weight': 5, 'classifier__max_depth': 6, 'classifier__learning_rate': 0.3, 'classifier__gamma': 0.1, 'classifier__colsample_bytree': 1.0}",0.9040161818377023,0.9115151849439416,0.9176054991090605,0.9040900813829923,0.910941014013585,0.9096335922574562,0.005120290112408665,4,0.9994564830058197,0.9997683813732188,0.9998841275872872,0.9996064510787985,0.9996298665108183,0.9996690619111884,0.00014612582750787832,0.9014975535340943,0.9156940082783587,0.9212852238284117,0.8971612948312518,0.8983800818922099,0.9068036324728652,0.009806534795085814,20,0.9999758520767215,0.9999862014247028,0.9999931007123515,0.9999430142081189,0.9999862014247028,0.9999768739693196,1.780358239413698e-05,0.9800397548206569,0.9819846908805523,0.9824692357407271,0.9812877895020174,0.9806818590816642,0.9812926660051235,0.0008724803820305103,3,0.9999001374306195,0.9999429233213276,0.9999714538906819,0.9999286385874773,0.9999429170457089,0.999937214055163,2.317628482409113e-05
2861.6770757198333,30.556863509092647,1.31990647315979,0.23697447854102613,0.8,1.0,0.0,300,5,8,0.1,0.0,0.8,"{'classifier__subsample': 0.8, 'classifier__reg_lambda': 1.0, 'classifier__reg_alpha': 0, 'classifier__n_estimators': 300, 'classifier__min_child_weight': 5, 'classifier__max_depth': 8, 'classifier__learning_rate': 0.1, 'classifier__gamma': 0, 'classifier__colsample_bytree': 0.8}",0.9045697186652844,0.9112406548826714,0.9128076690654472,0.9055025553999659,0.9079726047399108,0.9084186405506559,0.003185719272754125,8,0.9952582200000322,0.9945886855457757,0.9945446527073397,0.9949018467735284,0.994532580242598,0.9947651970538549,0.0002813010748247034,0.9050232085248459,0.9233553943148898,0.9223303726210661,0.9049535906345622,0.9050969174607457,0.912151896711222,0.008735287840239426,3,0.99940745382575,0.999660134086836,0.999374736100308,0.9995217184778082,0.999490716257875,0.9994909517497155,0.00010004727950446842,0.9796964834740383,0.9810326905347317,0.9808871172129492,0.9810083022908233,0.9797395186984019,0.980472822442189,0.0006184282788717781,11,0.9989085387471626,0.9987674221104262,0.998654185964549,0.9988106610372274,0.9986835794164357,0.9987648774551602,9.121749357583482e-05
3060.300614500046,44.407194198773745,1.6359883308410645,0.1531551071498441,0.9,1.0,1.0,300,7,8,0.01,0.3,0.9,"{'classifier__subsample': 0.9, 'classifier__reg_lambda': 1.0, 'classifier__reg_alpha': 1.0, 'classifier__n_estimators': 300, 'classifier__min_child_weight': 7, 'classifier__max_depth': 8, 'classifier__learning_rate': 0.01, 'classifier__gamma': 0.3, 'classifier__colsample_bytree': 0.9}",0.7850577475003585,0.7823265251793782,0.7839295701092039,0.7869545919076024,0.7805730202330462,0.7837682909859178,0.0021968006940472897,28,0.8336330441202584,0.8311764615753348,0.8305812364309368,0.8384889774934129,0.8398494779697764,0.8347458395179439,0.0037783832181774407,0.8990163053967158,0.910978175329545,0.9206490072413892,0.9015230919665248,0.9008161991003092,0.9065965558068967,0.008164346100405373,22,0.9713788322919298,0.9706337812391468,0.9716938374674744,0.972091234853465,0.9709937236558226,0.9713582819015677,0.0005114770396487263,0.9511345423500996,0.9497061695295669,0.9488699443170625,0.9510870627697051,0.9488847124435248,0.9499364862819919,0.0010055794720553078,26,0.9628307852240888,0.9631142661161451,0.9617640507377139,0.9642434214291798,0.9648705496819912,0.9633646146378239,0.0010908340623023518
1900.854480934143,7.519162958244115,0.225709867477417,0.046303368417125276,0.9,0.5,0.5,100,5,4,0.2,0.2,0.8,"{'classifier__subsample': 0.9, 'classifier__reg_lambda': 0.5, 'classifier__reg_alpha': 0.5, 'classifier__n_estimators': 100, 'classifier__min_child_weight': 5, 'classifier__max_depth': 4, 'classifier__learning_rate': 0.2, 'classifier__gamma': 0.2, 'classifier__colsample_bytree': 0.8}",0.7543627771716562,0.7526485775716696,0.7509369606321655,0.7636768386217159,0.7564011441186054,0.7556052596231625,0.0044240833293517174,30,0.7947446387609064,0.7901183179491248,0.7809619631922218,0.797573485142873,0.797907263632227,0.7922611337354706,0.006301278790178635,0.895390020152887,0.9109744038128905,0.9101538679056451,0.9033863458178809,0.8951463530150028,0.9030101981408614,0.006848492527578493,31,0.9556972143188652,0.9568919019845804,0.9516301416358708,0.9564502819188453,0.9567683314375657,0.9554875742591455,0.0019729681571828764,0.940720122441169,0.9378456289869682,0.9376697185231334,0.9420070792674596,0.9388840691995796,0.9394253236836618,0.0016859719421086648,30,0.9496813695489775,0.94788442343756,0.9456405114535403,0.9499372433451316,0.9497023286283951,0.948569175282721,0.0016394254925367537
2498.6421281814573,33.06790087455981,0.8587567329406738,0.15554532515172725,1.0,0.5,0.0,300,5,8,0.3,0.2,0.8,"{'classifier__subsample': 1.0, 'classifier__reg_lambda': 0.5, 'classifier__reg_alpha': 0, 'classifier__n_estimators': 300, 'classifier__min_child_weight': 5, 'classifier__max_depth': 8, 'classifier__learning_rate': 0.3, 'classifier__gamma': 0.2, 'classifier__colsample_bytree': 0.8}",0.9066427446016607,0.9128290765773095,0.9107541879196581,0.9045076757540149,0.9115163388103381,0.9092500047325963,0.003146302020253331,6,0.9993987513953317,0.9994562941628153,0.9995137085873944,0.9995831348463836,0.9995142462029266,0.9994932270389704,6.202321741918719e-05,0.9045100775876935,0.915842909982221,0.9135124582887642,0.9012716005490635,0.9006996045295018,0.9071673301874487,0.0063115517890906525,18,0.9999724023733959,0.9999758524932301,0.9999793021370543,0.9999395645642947,0.9999793021370543,0.9999692847410058,1.5078729070621985e-05,0.9804445188369205,0.9822525558055367,0.9814335853265382,0.9811808285091966,0.9810872111623877,0.9812797399281159,0.0005855739412885114,4,0.9998858855735743,0.9999001374711576,0.9999143931986466,0.9999143618600308,0.9999143943791395,0.9999058344965096,1.1398723837975988e-05
3882.2241192340853,50.706736241795234,2.4795685768127442,0.5444076547817888,1.0,1.0,0.5,500,1,7,0.01,0.1,0.9,"{'classifier__subsample': 1.0, 'classifier__reg_lambda': 1.0, 'classifier__reg_alpha': 0.5, 'classifier__n_estimators': 500, 'classifier__min_child_weight': 1, 'classifier__max_depth': 7, 'classifier__learning_rate': 0.01, 'classifier__gamma': 0.1, 'classifier__colsample_bytree': 0.9}",0.7864430594594255,0.7813587022921289,0.7774405702816591,0.7824599693001153,0.7800964043912122,0.7815597411449083,0.002959950951215646,29,0.8373409882505275,0.8309020535255824,0.8249245154881175,0.8365054995003826,0.8403310566194732,0.8340008226768166,0.005467791076025934,0.9002326102333591,0.9148815311644614,0.9203253038201635,0.9054105802994451,0.8966760810029373,0.9075052213040733,0.00886919540050453,17,0.9736741105212934,0.9729510149776563,0.9724460906050144,0.9730388403618789,0.9733404251333061,0.9730900963198298,0.0004099881110590161,0.9522562537273519,0.9486053473361645,0.9472285605282682,0.9499242612133989,0.949205820383667,0.94944404863777,0.001661785890021576,28,0.9641341251777861,0.9628287345432748,0.9609462541493038,0.9631243777480829,0.9650302666857452,0.9632127516608385,0.001374378411379099
3041.1188385486603,60.771448023742515,1.0880961418151855,0.23245722432318172,1.0,0.1,1.0,500,1,6,0.2,0.1,0.8,"{'classifier__subsample': 1.0, 'classifier__reg_lambda': 0.1, 'classifier__reg_alpha': 1.0, 'classifier__n_estimators': 500, 'classifier__min_child_weight': 1, 'classifier__max_depth': 6, 'classifier__learning_rate': 0.2, 'classifier__gamma': 0.1, 'classifier__colsample_bytree': 0.8}",0.9058844893127604,0.9114363904299342,0.9159101117521884,0.910881609227929,0.9093168367887074,0.910685887502304,0.003250286297614247,1,0.9991213903783182,0.9992946794799211,0.9993750678841156,0.999467451532802,0.9993987516333697,0.9993314681817053,0.00011866386202089115,0.9007487755306969,0.9214777101966515,0.9210899209097068,0.903901407821313,0.9070663869832762,0.9108568402883288,0.008745711712818084,4,0.9998530802573576,0.9999724028494057,0.9999793021370543,0.9999326652766461,0.9999724028494057,0.9999419706739738,4.740035722310089e-05,0.9805244917730248,0.9819447104250143,0.9819308587492724,0.9820109173187437,0.9803946527520949,0.98136112620363,0.0007377563708013396,2,0.9998430722069007,0.9998858591690037,0.9999143960319624,0.9998858385579644,0.9998858872028245,0.9998830106337312,2.2823264964688074e-05
2979.952413606644,60.065019021779506,1.3002647399902343,0.043960956281608024,0.9,0.5,0.1,300,3,8,0.05,0.0,1.0,"{'classifier__subsample': 0.9, 'classifier__reg_lambda': 0.5, 'classifier__reg_alpha': 0.1, 'classifier__n_estimators': 300, 'classifier__min_child_weight': 3, 'classifier__max_depth': 8, 'classifier__learning_rate': 0.05, 'classifier__gamma': 0, 'classifier__colsample_bytree': 1.0}",0.8773239842345918,0.88319426840557,0.8808010008691376,0.8754962801684785,0.8829265564816546,0.8799484180318865,0.003060749420644497,19,0.9721438793986132,0.9699534884799732,0.9673585543729988,0.9728232229708789,0.9708550095168331,0.9706268309478594,0.0019137743455746711,0.9006807182062104,0.9182396848601613,0.9245895120170843,0.8987967024624488,0.9047438889638935,0.9094101013019597,0.010188188820516711,8,0.9969074498363695,0.9973682318258106,0.9966980936837565,0.9973564625436815,0.9963360201945253,0.9969332516168287,0.0003952127599057864,0.9737844881045622,0.9748875923595761,0.97453835422946,0.9743315672026541,0.9741252120933799,0.9743334427979263,0.00037250106872058143,19,0.9939048462780887,0.9936004762037055,0.9928229458899023,0.9934645104554279,0.9937055204764443,0.9934996598607138,0.0003676671973216422
2067.7940850734713,26.412429876573796,0.4458011627197266,0.11054858113235694,1.0,1.0,0.0,100,1,6,0.05,0.1,1.0,"{'classifier__subsample': 1.0, 'classifier__reg_lambda': 1.0, 'classifier__reg_alpha': 0, 'classifier__n_estimators': 100, 'classifier__min_child_weight': 1, 'classifier__max_depth': 6, 'classifier__learning_rate': 0.05, 'classifier__gamma': 0.1, 'classifier__colsample_bytree': 1.0}",0.7394335407864354,0.7384962075766148,0.7397778377297624,0.7423657030050572,0.73677609720551,0.7393698772606759,0.001824086092867947,34,0.7803276817859945,0.7714786350480701,0.7685513471700063,0.7750136668601251,0.7812172227092835,0.7753177107146959,0.004909555421176492,0.8870463015383884,0.9073920471059553,0.9176252551784507,0.9005314521920367,0.8826807279061549,0.8990551567841971,0.012875296253969031,34,0.9539857102377898,0.9536227322922702,0.9551061343215297,0.9552317480959938,0.9531497702452713,0.9542192190385709,0.0008204727090301236,0.9350937566768386,0.9316910580614955,0.9308338433693478,0.9347187391650744,0.9331268148245648,0.9330928424194642,0.0016562867089806995,34,0.944874214090984,0.9418624478723714,0.9404690774681117,0.9431712863436457,0.9457158152836095,0.9432185682117445,0.0019172064841647032
1908.2689155101775,14.978671473533367,0.24580531120300292,0.05234239466202763,1.0,0.0,1.0,100,1,4,0.3,0.2,0.8,"{'classifier__subsample': 1.0, 'classifier__reg_lambda': 0, 'classifier__reg_alpha': 1.0, 'classifier__n_estimators': 100, 'classifier__min_child_weight': 1, 'classifier__max_depth': 4, 'classifier__learning_rate': 0.3, 'classifier__gamma': 0.2, 'classifier__colsample_bytree': 0.8}",0.7878374096734904,0.7892942858206475,0.7895740972939126,0.7872713756142671,0.7902520490552053,0.7888458434915046,0.0011139798986013378,25,0.8370438275699119,0.8378556954704471,0.8299839985746236,0.8435952188998936,0.8413898499526683,0.837973718093509,0.0046472674102365835,0.9039856232061225,0.9172714543196042,0.9165692228489194,0.9014177899031462,0.9024485073880172,0.9083385195331619,0.007058020247725766,13,0.9695643933798685,0.9704805710136204,0.9694923927161172,0.9704479770984944,0.9707080372080439,0.970138674283229,0.0005067966388779947,0.9504576791277735,0.9501960666552509,0.9498219651673683,0.9504870381750063,0.9507135934673316,0.9503352685185462,0.000304632776247827,25,0.9622892518358774,0.9619941059121864,0.9611483684901457,0.9632718141387742,0.9635095341358462,0.9624426149025659,0.0008632082418987381
2162.140683555603,16.205656431799085,0.4253324031829834,0.08994854855115135,1.0,0.1,0.1,200,7,4,0.1,0.2,1.0,"{'classifier__subsample': 1.0, 'classifier__reg_lambda': 0.1, 'classifier__reg_alpha': 0.1, 'classifier__n_estimators': 200, 'classifier__min_child_weight': 7, 'classifier__max_depth': 4, 'classifier__learning_rate': 0.1, 'classifier__gamma': 0.2, 'classifier__colsample_bytree': 1.0}",0.7498667570098112,0.7514759448768584,0.74261632534882,0.7555570048921654,0.7490799697567736,0.7497192003768858,0.0041963635497113926,32,0.7885348290531446,0.7840055756461501,0.7744296511586218,0.7909982487149311,0.7903716067536519,0.7856679822653,0.006128920232588854,0.8990543449565328,0.9135927572095394,0.9080297295324977,0.8976450730086973,0.893306756646145,0.9023257322706824,0.007395051090257681,32,0.9557058597282383,0.9559987152697513,0.9522066609810282,0.9555929829840115,0.9540036308055949,0.9547015699537248,0.0014281100062096725,0.9388631271019361,0.9367476692492658,0.9343960108745479,0.9401042627786901,0.9365862305638608,0.9373394601136601,0.0019772283364761045,32,0.9478782169790606,0.9462089715253488,0.9436476097456988,0.9483419436780481,0.9480929913156669,0.9468339466487647,0.0017602889422505088
2836.6777017593386,16.615086705729354,0.9166316032409668,0.23554615427009545,1.0,0.5,0.1,500,3,6,0.3,0.2,0.8,"{'classifier__subsample': 1.0, 'classifier__reg_lambda': 0.5, 'classifier__reg_alpha': 0.1, 'classifier__n_estimators': 500, 'classifier__min_child_weight': 3, 'classifier__max_depth': 6, 'classifier__learning_rate': 0.3, 'classifier__gamma': 0.2, 'classifier__colsample_bytree': 0.8}",0.9006341067185903,0.9101780856472164,0.9096819812196536,0.9066114989429852,0.9069415993218953,0.9068094543700681,0.0033997251194468055,11,0.9992021095921743,0.9992602060262838,0.9992016845416117,0.9988103111791968,0.9991215012288576,0.9991191625136248,0.00016061008173402265,0.8977962654838999,0.9171781103476062,0.9141157060324272,0.9049288867853267,0.9002386283193775,0.9068515193937277,0.0076004125694615395,19,0.9998496305540321,0.9999724028494057,0.9999689532055814,0.9999119674137006,0.99995170498646,0.999930931801836,4.597073208150763e-05,0.9796801920962611,0.9813981170166213,0.9812129020079845,0.9813430293428256,0.979358374004609,0.9805985228936602,0.0008890897627244594,10,0.999828837148531,0.9998858804288161,0.9998716285173692,0.9998003742843711,0.9998003656138035,0.9998374171985782,3.560256649344158e-05
2271.764760351181,7.769998824264502,0.5365065574645996,0.09060162425648835,0.9,0.1,0.1,300,1,3,0.1,0.1,1.0,"{'classifier__subsample': 0.9, 'classifier__reg_lambda': 0.1, 'classifier__reg_alpha': 0.1, 'classifier__n_estimators': 300, 'classifier__min_child_weight': 1, 'classifier__max_depth': 3, 'classifier__learning_rate': 0.1, 'classifier__gamma': 0.1, 'classifier__colsample_bytree': 1.0}",0.7371450494303656,0.7287418931543532,0.7251138818775628,0.7398399376480047,0.7294140282647993,0.7320509580750172,0.005525292845949904,36,0.7643626630751574,0.7557373600236337,0.7502531862461437,0.7620725729116821,0.7602009618316983,0.758525348817663,0.0050133077027451605,0.896870067118227,0.9028764606780413,0.9060856101764585,0.8919902802134685,0.8876866653889897,0.8971018167150369,0.006765820654315356,35,0.9429756183608606,0.9416542851134423,0.9402891313433024,0.9406078609966364,0.9410029413718377,0.9413059674372158,0.0009510197107275876,0.932901957950019,0.9279173638101738,0.9249112662378128,0.9329909624253612,0.9284761833806827,0.92943954676081,0.0031097034874055826,36,0.938916475491728,0.9354194373601937,0.9334976786823518,0.9372665761085427,0.9372588572989788,0.936471804988359,0.0018536683226546581
2482.721496629715,2.5784837631723154,0.8770544052124023,0.19112634404926457,0.9,0.5,0.0,200,5,7,0.01,0.3,1.0,"{'classifier__subsample': 0.9, 'classifier__reg_lambda': 0.5, 'classifier__reg_alpha': 0, 'classifier__n_estimators': 200, 'classifier__min_child_weight': 5, 'classifier__max_depth': 7, 'classifier__learning_rate': 0.01, 'classifier__gamma': 0.3, 'classifier__colsample_bytree': 1.0}",0.7415551772931499,0.7321491296952023,0.7271941578116617,0.730021756467473,0.7296482897493932,0.732113702203376,0.004975924427285073,35,0.7729528344804167,0.7681799840010943,0.7588259105781148,0.7661928530054116,0.7707530304669188,0.7673809225063912,0.004850887602247031,0.8920830025918225,0.8963572092580054,0.9136371659436803,0.8913281912707086,0.8875118015744125,0.8961834741277258,0.009167846914211599,36,0.9475104614429146,0.944914844386887,0.9484468870324827,0.9462218618453051,0.9453920237291454,0.946497215687347,0.0013137011266295818,0.9349064822477812,0.9303571855102714,0.9249246824115791,0.9306636129587041,0.9295494626214577,0.9300802851499587,0.0031802872738725505,35,0.9423952272766443,0.9410250701977064,0.9360424616711635,0.9397648923526326,0.9419567633805203,0.9402368829757334,0.0022827011654376105
3082.18648314476,24.044655066087817,1.092203712463379,0.22654426631792385,0.8,0.0,0.0,500,3,4,0.01,0.0,0.9,"{'classifier__subsample': 0.8, 'classifier__reg_lambda': 0, 'classifier__reg_alpha': 0, 'classifier__n_estimators': 500, 'classifier__min_child_weight': 3, 'classifier__max_depth': 4, 'classifier__learning_rate': 0.01, 'classifier__gamma': 0, 'classifier__colsample_bytree': 0.9}",0.6586831801586552,0.6544975366724167,0.6503118142943307,0.6577491306744724,0.655898659517183,0.6554280642634115,0.00294096868438334,39,0.6759014596860273,0.6639916167446989,0.6603951462903431,0.6663329946605596,0.6749358753797666,0.6683114185522792,0.006111208848475611,0.8650082192558399,0.8785765969643256,0.883154598492393,0.8731669222849006,0.8597771000329552,0.8719366874060828,0.008570911759348815,39,0.8991465324975476,0.8960855924433366,0.8972303471233307,0.8975009899074673,0.9018539000357236,0.8983634724014811,0.0020006426085693325,0.8925418202736394,0.8884348213785805,0.8838792958976771,0.8906236966377651,0.8905453217367905,0.8892049911848904,0.0029631007860243847,39,0.8975793656149096,0.8909918944421704,0.8884799065055006,0.8914566190673928,0.8968524826237746,0.8930720536507495,0.0035392657710917167
2466.1624566555024,7.836580179640816,0.754215145111084,0.20620603844446841,1.0,0.0,0.5,300,7,5,0.2,0.2,1.0,"{'classifier__subsample': 1.0, 'classifier__reg_lambda': 0, 'classifier__reg_alpha': 0.5, 'classifier__n_estimators': 300, 'classifier__min_child_weight': 7, 'classifier__max_depth': 5, 'classifier__learning_rate': 0.2, 'classifier__gamma': 0.2, 'classifier__colsample_bytree': 1.0}",0.8811212086538696,0.8794158887485859,0.8850780986480501,0.8793370259586389,0.8855894228481006,0.8821083289714491,0.0027144541909562606,18,0.9716860120574706,0.9699025921334211,0.9699240663386522,0.9734810360096755,0.9735509197165451,0.9717089252511529,0.0016113600364412216,0.906975866921732,0.9122595621720706,0.9164066173243715,0.9014821957686872,0.9065845602427748,0.9087417604859273,0.005130265722353926,11,0.9959077946662307,0.995292462477382,0.9957196765848243,0.9959598610746212,0.9960922070339236,0.9957944003673964,0.0002780106517331677,0.9742715802748088,0.9749189720522232,0.9743431510426599,0.9750076773625709,0.9738289521251059,0.9744740665714737,0.00043749139148340735,18,0.9936956786405376,0.9934560167916114,0.9931994730951623,0.9935893581528593,0.9938001897904567,0.9935481432941256,0.00020835113603949007
2382.8630392074583,15.413104029828053,0.6814925193786621,0.04922860098231565,1.0,0.1,0.1,200,3,8,0.2,0.1,1.0,"{'classifier__subsample': 1.0, 'classifier__reg_lambda': 0.1, 'classifier__reg_alpha': 0.1, 'classifier__n_estimators': 200, 'classifier__min_child_weight': 3, 'classifier__max_depth': 8, 'classifier__learning_rate': 0.2, 'classifier__gamma': 0.1, 'classifier__colsample_bytree': 1.0}",0.9036728724065901,0.9124702285083954,0.9153817988558132,0.9068602706829033,0.9137518661983481,0.91042740733041,0.004429883664745901,3,0.9991681385058175,0.9984213460634846,0.9988463040257164,0.9986271412322612,0.9984220946855521,0.9986970049025665,0.0002830906058833557,0.8991213261546702,0.9172575114643797,0.9203421833644123,0.9034975970966996,0.9033576320809955,0.9087152500322315,0.008439516061026903,12,0.9999586035600938,0.9999137589043932,0.9998219708280811,0.9998843702631064,0.9999137589043932,0.9998984924920136,4.502103863736019e-05,0.9799302227158702,0.9817639537642598,0.981377175200586,0.9812345886835815,0.9800666790428852,0.9808745238814366,0.000737252806208213,8,0.9998289167707135,0.999644193397868,0.999715157990911,0.9996866848028394,0.9996441978363535,0.9997038301597371,6.809038203178459e-05
2974.4824602603912,24.996975958446303,1.2902665615081788,0.26084212674763557,1.0,1.0,0.0,500,7,5,0.3,0.0,0.9,"{'classifier__subsample': 1.0, 'classifier__reg_lambda': 1.0, 'classifier__reg_alpha': 0, 'classifier__n_estimators': 500, 'classifier__min_child_weight': 7, 'classifier__max_depth': 5, 'classifier__learning_rate': 0.3, 'classifier__gamma': 0, 'classifier__colsample_bytree': 0.9}",0.9046694354458327,0.9109795807196264,0.9172741713608616,0.9034513096714957,0.9056456693980095,0.9084040333191652,0.005126364357280723,9,0.9996529500177751,0.9995372666903666,0.9997105555241633,0.9997450606262209,0.9997107131553697,0.9996713092027791,7.326209455035788e-05,0.8998512673448055,0.9161195050276227,0.9155772321000981,0.897358241698855,0.8976296810732995,0.9053071854489362,0.008651900778760078,28,0.9999793017800469,0.9999724028494057,0.9999827517808786,0.9999430142081189,0.9999827517808786,0.9999720444798659,1.499897398024111e-05,0.9803469701169156,0.9824892160296143,0.9818414127908057,0.9813695309495507,0.9796733156284831,0.981144089103074,0.001014398747216541,6,0.9999144082243817,0.9998859086944462,0.9999286638556876,0.9999286456679278,0.9999286648460043,0.9999172582576895,1.6617995306393337e-05
2884.745304059982,9.48719421668049,1.0913408279418946,0.2420063700298062,0.9,0.1,0.1,500,7,5,0.2,0.3,1.0,"{'classifier__subsample': 0.9, 'classifier__reg_lambda': 0.1, 'classifier__reg_alpha': 0.1, 'classifier__n_estimators': 500, 'classifier__min_child_weight': 7, 'classifier__max_depth': 5, 'classifier__learning_rate': 0.2, 'classifier__gamma': 0.3, 'classifier__colsample_bytree': 1.0}",0.8998714120600084,0.89617455371761,0.9048918046594006,0.8985019957242534,0.8982040781124165,0.8995287688547376,0.0029305079839040344,16,0.9953551120888774,0.9950382761077007,0.9949817097786587,0.9952785042032412,0.9945645572230151,0.9950436318802985,0.000277690650416492,0.9041341426167337,0.9123840760041197,0.916517285616969,0.9000792152932442,0.898536420921919,0.906330228090597,0.007000951338059627,24,0.9990683855932179,0.9992791832062909,0.9993139948184145,0.9995769127789966,0.9995148637646449,0.999350668032313,0.00018126516725973737,0.9791039450093969,0.9793753031131266,0.9797892445083602,0.9796827312634816,0.9777328699561054,0.9791368187700942,0.0007419848425275163,16,0.9990195206151529,0.9989920611112336,0.9988504146318873,0.9990345215857477,0.9987794912972247,0.9989352018482494,0.00010162842934417906
4114.174600887299,22.056039572970953,3.0186211109161376,0.43420729236624467,1.0,0.0,0.0,500,1,8,0.01,0.3,1.0,"{'classifier__subsample': 1.0, 'classifier__reg_lambda': 0, 'classifier__reg_alpha': 0, 'classifier__n_estimators': 500, 'classifier__min_child_weight': 1, 'classifier__max_depth': 8, 'classifier__learning_rate': 0.01, 'classifier__gamma': 0.3, 'classifier__colsample_bytree': 1.0}",0.8133267129608335,0.8132336797580246,0.8169390072031868,0.8176275178212917,0.8167609574721133,0.81557757504309,0.0018982298129815675,23,0.8869203525095385,0.8817835402161991,0.8791700103035989,0.8983920332498364,0.891797671650645,0.8876127215859636,0.006920194667316083,0.9018690645782271,0.9171457219476864,0.922197183655188,0.9051961309339202,0.8998780877340504,0.9092572377698144,0.008817216447107794,9,0.9858108560032818,0.9846146365928133,0.9852816362345911,0.986856961314681,0.985217796107712,0.9855563772506158,0.0007527647210162589,0.9583142524250556,0.9580517991807871,0.9591434042674454,0.9600540443424319,0.9593442702434359,0.9589815540918313,0.000723564721736343,23,0.9768460267741031,0.9761579309608579,0.9759014676488387,0.9781931378705869,0.9778516014685436,0.9769900329445861,0.000904197730146336
2988.8559148311615,58.835828167748616,0.971107292175293,0.15694684939597028,0.8,1.0,1.0,500,3,6,0.2,0.3,0.9,"{'classifier__subsample': 0.8, 'classifier__reg_lambda': 1.0, 'classifier__reg_alpha': 1.0, 'classifier__n_estimators': 500, 'classifier__min_child_weight': 3, 'classifier__max_depth': 6, 'classifier__learning_rate': 0.2, 'classifier__gamma': 0.3, 'classifier__colsample_bytree': 0.9}",0.9070391185551159,0.9133918722343,0.9123338196594274,0.9065045538455399,0.9076293467763318,0.909379742214143,0.0028855804375633462,5,0.9979250474465864,0.9973970717843292,0.9976026062896842,0.998498440961151,0.9974333883840734,0.997771310973165,0.00040867122227918436,0.9074374153967728,0.9218196641952862,0.9210212815868404,0.9054160827735916,0.9067749419322417,0.9124938771769464,0.007321968712920797,2,0.9995445160034173,0.9998896113976233,0.9998705716878092,0.9998912695507549,0.9998204665281916,0.9998032870335593,0.000131892096000658,0.9803720889449214,0.9824470780947085,0.9818786048191883,0.9814710832417475,0.9799116673019013,0.9812161044804935,0.0009416087811331896,5,0.9996150496758176,0.9995441619099904,0.9996295103136947,0.9997147685104741,0.9995868304896363,0.9996180641799226,5.6442745629149596e-05
2227.6103723526003,12.546144597011184,0.6296934604644775,0.1128042469906977,0.9,0.1,0.0,200,1,5,0.1,0.1,1.0,"{'classifier__subsample': 0.9, 'classifier__reg_lambda': 0.1, 'classifier__reg_alpha': 0, 'classifier__n_estimators': 200, 'classifier__min_child_weight': 1, 'classifier__max_depth': 5, 'classifier__learning_rate': 0.1, 'classifier__gamma': 0.1, 'classifier__colsample_bytree': 1.0}",0.8026374791876393,0.8026649860679248,0.8002826713003577,0.8076706295201774,0.8032425816063758,0.8032996695364949,0.002410483259886616,24,0.8639273619926214,0.8590064304076448,0.8556444628827651,0.8678058985558048,0.8654240975840375,0.8623616502845748,0.004423753674586075,0.9066228647649552,0.9166390672443955,0.9182348831435938,0.9074018956068726,0.9048727744138901,0.9107542970347415,0.005540565408428642,5,0.9795954054015317,0.9781690179913888,0.9782478968464614,0.9786888296844207,0.9782217413603849,0.9785845782568374,0.0005385787215150146,0.9556301555960038,0.9540754074602958,0.9541451794084026,0.955516334120384,0.9543845601906601,0.9547503273551493,0.0006806424345175174,24,0.970024994568525,0.9682611262314855,0.9674489913890394,0.9698524344061357,0.9695715257686988,0.9690318144727769,0.0010050274961650222
2153.753718996048,4.826799295368623,0.3256389617919922,0.008618472456405936,1.0,0.1,1.0,200,5,4,0.1,0.1,0.9,"{'classifier__subsample': 1.0, 'classifier__reg_lambda': 0.1, 'classifier__reg_alpha': 1.0, 'classifier__n_estimators': 200, 'classifier__min_child_weight': 5, 'classifier__max_depth': 4, 'classifier__learning_rate': 0.1, 'classifier__gamma': 0.1, 'classifier__colsample_bytree': 0.9}",0.7518752042494539,0.750729555702381,0.7469557802519045,0.7576934714043556,0.7506912238073278,0.7515890470830845,0.0034744166651367006,31,0.7913969171534587,0.7841749117447486,0.7761115367188411,0.7917385166694899,0.7918857630864016,0.7870615290745879,0.00619964400200307,0.8994280110381677,0.9125416083984875,0.912416198720139,0.901184939041541,0.8947985203775938,0.9040738555151858,0.007172992126761036,29,0.9566045208282317,0.9559790074159199,0.9510970102473213,0.9551792863894392,0.9542658220928899,0.9546251293947604,0.0019305332203064251,0.9385850071834231,0.9370083443220386,0.9352337709960608,0.9404435584580698,0.9364231526893823,0.9375387667297949,0.0018094961741772712,31,0.948320206397679,0.946149508444705,0.943588794630776,0.9481485849225233,0.9483237167954232,0.9469061622382213,0.0018509483374842177
2783.183969211578,15.827741139137508,0.7188930988311768,0.21636646715872876,0.8,0.1,0.1,500,1,3,0.05,0.2,1.0,"{'classifier__subsample': 0.8, 'classifier__reg_lambda': 0.1, 'classifier__reg_alpha': 0.1, 'classifier__n_estimators': 500, 'classifier__min_child_weight': 1, 'classifier__max_depth': 3, 'classifier__learning_rate': 0.05, 'classifier__gamma': 0.2, 'classifier__colsample_bytree': 1.0}",0.7201160164607927,0.7126036705338523,0.7095883814263035,0.7254515203980283,0.7204125739589158,0.7176344325555786,0.005745096969874064,37,0.7473490953623739,0.7373815326720949,0.7327687160741776,0.7431730369429154,0.7430765179063288,0.7407497797915782,0.00509665219920297,0.8879919026410172,0.8975053809685491,0.9002249911051845,0.8932627276249739,0.8892066073625966,0.8936383219404643,0.0046904492813983276,37,0.936173059726111,0.9318083875368149,0.9323658762351578,0.9326734697393784,0.9337331449412595,0.9333507876357443,0.0015439705260181442,0.9258489786771844,0.9208020804973546,0.9182296672521,0.9269359705855973,0.9232905737034195,0.9230214541431312,0.003202424091071214,37,0.9318168736219353,0.9282104187933273,0.926269852409943,0.9299226391567949,0.9300043555794065,0.9292448279122814,0.0018746845578793084
2309.6373003959657,11.917983511754628,0.5121023178100585,0.14746295085974925,0.9,0.0,1.0,300,7,3,0.3,0.2,0.9,"{'classifier__subsample': 0.9, 'classifier__reg_lambda': 0, 'classifier__reg_alpha': 1.0, 'classifier__n_estimators': 300, 'classifier__min_child_weight': 7, 'classifier__max_depth': 3, 'classifier__learning_rate': 0.3, 'classifier__gamma': 0.2, 'classifier__colsample_bytree': 0.9}",0.8198737778156125,0.8244042725892161,0.8298647605072011,0.8234754548991441,0.823750164783642,0.8242736861189632,0.003210844324714228,22,0.8875408104657792,0.8898335785608872,0.8857255582085568,0.8978911153112399,0.8870409497606019,0.889606402461413,0.004349649318087876,0.9033670904264666,0.9118719152215216,0.918912928758828,0.8965397995103371,0.9029608298859761,0.9067305127606259,0.007800244023633047,21,0.9784947503307319,0.97911087207,0.9791591644289588,0.97862057249068,0.9781446597731701,0.9787060038187081,0.00038374640715938484,0.9597456181136986,0.959829400348603,0.9616954191435364,0.9604705315056427,0.9590644679966412,0.9601610874216243,0.0008871453880269641,22,0.9745584461692615,0.9751305117505925,0.9744218943991472,0.975495177532559,0.9744388248651394,0.9748089709433397,0.0004298527670062794
2374.7363572597505,7.312390997196455,0.6440865993499756,0.1852315793418951,0.9,1.0,0.1,300,5,4,0.1,0.0,1.0,"{'classifier__subsample': 0.9, 'classifier__reg_lambda': 1.0, 'classifier__reg_alpha': 0.1, 'classifier__n_estimators': 300, 'classifier__min_child_weight': 5, 'classifier__max_depth': 4, 'classifier__learning_rate': 0.1, 'classifier__gamma': 0, 'classifier__colsample_bytree': 1.0}",0.7823741290492588,0.7854585136428589,0.7808275027690318,0.793275827639348,0.7863609557842487,0.7856593857769493,0.004305409200104746,26,0.8350525083569174,0.8312013674530515,0.827358113744906,0.8412421295708468,0.8350701495829483,0.833984853741734,0.004618382504837543,0.9015698682971589,0.9174113065280028,0.9135973801915966,0.9041716994111345,0.9033391347010842,0.9080178778257955,0.006286937282004,14,0.9686873399432404,0.969312130908986,0.9685919391966008,0.9697222645058501,0.9689412015860818,0.969050975228152,0.0004180494074084252,0.9494824240652568,0.9488820832486704,0.9484466545214939,0.9518967385888887,0.9487975547150131,0.9495010910278646,0.0012433379277014282,27,0.9619091130944846,0.9604670272989189,0.9597600687959446,0.9629660132280075,0.9613826051672415,0.9612969655169193,0.0011152244657427145
1928.9739669799806,8.456927148318847,0.3039563179016113,0.061791064523825774,0.8,0.1,0.0,100,7,4,0.01,0.3,0.8,"{'classifier__subsample': 0.8, 'classifier__reg_lambda': 0.1, 'classifier__reg_alpha': 0, 'classifier__n_estimators': 100, 'classifier__min_child_weight': 7, 'classifier__max_depth': 4, 'classifier__learning_rate': 0.01, 'classifier__gamma': 0.3, 'classifier__colsample_bytree': 0.8}",0.5953466697625672,0.570051553760236,0.5768569974123942,0.5959293497033744,0.5805240270718306,0.5837417195420805,0.01027994923468923,40,0.6011831960359746,0.5755592343814956,0.5822445994541093,0.6007473789806447,0.5915593358157352,0.5902587489335918,0.010112850744883767,0.8394486588689956,0.8419516176679052,0.849113260971736,0.8394966317218764,0.8261911302023393,0.8392402598865705,0.007419117920828355,40,0.855729322656504,0.8526225152309974,0.8513879716166594,0.8576066218994404,0.8567138315824236,0.854812052597205,0.0023994236680776352,0.8491741764456231,0.8218052211291017,0.8267076983507434,0.846258332790365,0.8360608631048214,0.8360012583641309,0.010645512013922978,40,0.8494317334563221,0.8245238972644238,0.8321746191283644,0.8464763991732723,0.8403597038711951,0.8385932705787156,0.009185669626786644
2751.259382390976,12.861617349647403,0.5763073444366456,0.014032033089134414,1.0,0.0,1.0,500,1,8,0.3,0.3,0.9,"{'classifier__subsample': 1.0, 'classifier__reg_lambda': 0, 'classifier__reg_alpha': 1.0, 'classifier__n_estimators': 500, 'classifier__min_child_weight': 1, 'classifier__max_depth': 8, 'classifier__learning_rate': 0.3, 'classifier__gamma': 0.3, 'classifier__colsample_bytree': 0.9}",0.9050633238865309,0.9127542375587406,0.906779876766613,0.8991196982779586,0.9035462655037719,0.905452680398723,0.004448974397479599,12,0.9982804730444453,0.9982356862819707,0.9986583225364584,0.9978785352033291,0.9973296289322141,0.9980765291996836,0.0004477653822064095,0.9031762526247009,0.9185326460223979,0.9224223777066991,0.8954092014296732,0.9001546512909832,0.9079390258148908,0.010604426108346445,15,0.9998151335207769,0.9999068596167445,0.9999344567673388,0.9998705716878092,0.9998498644971712,0.999875377217968,4.191617749843766e-05,0.9796827210963476,0.9814541432814337,0.979948972750999,0.9801028563387701,0.9789909051463579,0.9800359197227817,0.0008050096997466256,12,0.9996863877676039,0.999615207145207,0.9997290397997145,0.9996294204505637,0.9995443095474923,0.9996408729421162,6.318128835813541e-05
1994.1272074699402,10.251621292893963,0.2523238182067871,0.006041185165763247,0.9,1.0,0.0,100,3,5,0.05,0.0,0.9,"{'classifier__subsample': 0.9, 'classifier__reg_lambda': 1.0, 'classifier__reg_alpha': 0, 'classifier__n_estimators': 100, 'classifier__min_child_weight': 3, 'classifier__max_depth': 5, 'classifier__learning_rate': 0.05, 'classifier__gamma': 0, 'classifier__colsample_bytree': 0.9}",0.7064336137032382,0.6995880077354719,0.6965178246901588,0.6995189238023849,0.7006050282247871,0.7005326796312084,0.003251628001791524,38,0.7314474166347522,0.7199356225602548,0.716191324575217,0.7225181039494281,0.7277159337427467,0.7235616802924797,0.005440627703658566,0.8828965767485579,0.8942136718194063,0.9003709094508151,0.8888288510867415,0.8755229787025238,0.8883665975616089,0.008641587038544344,38,0.9309608686887463,0.9296542290143581,0.9312376496927932,0.9291363577576597,0.9302466330391368,0.9302471476385389,0.0007843339819449078,0.9185137726636027,0.9138084217086944,0.911337165445762,0.914477485283843,0.9157447913225515,0.9147763272848908,0.0023562853160361856,38,0.9247085767299561,0.9202587778726105,0.9180295908994619,0.9209140691177428,0.9238165736851772,0.9215455176609897,0.0024322337748236018
2642.7829229831696,23.051773948351702,0.9712966918945313,0.23201160806080498,1.0,1.0,0.1,300,7,7,0.2,0.0,0.9,"{'classifier__subsample': 1.0, 'classifier__reg_lambda': 1.0, 'classifier__reg_alpha': 0.1, 'classifier__n_estimators': 300, 'classifier__min_child_weight': 7, 'classifier__max_depth': 7, 'classifier__learning_rate': 0.2, 'classifier__gamma': 0, 'classifier__colsample_bytree': 0.9}",0.9096445689804229,0.9124155252143833,0.9120057301439248,0.9044510615720895,0.9054855589664156,0.9088004889754473,0.003285142575706014,7,0.9984785785208695,0.9983069740357985,0.998617064836701,0.9986038244939287,0.9980225477990856,0.9984057979372766,0.00022171696606564605,0.9064841547531823,0.9191863592330829,0.9170993633866897,0.8992489540320351,0.8976680120424788,0.9079373686894938,0.008871775482161701,16,0.9998082341141259,0.9999068596167445,0.9998081722527841,0.999880920619282,0.9998896113976233,0.9998587596001121,4.211522343332138e-05,0.9811568766981529,0.9814238689284935,0.9811941946330294,0.9810670116626932,0.9792910258376765,0.9808265955520092,0.0007767527869244087,9,0.9996582911435477,0.9996158317508844,0.9996583742421089,0.9996724059815659,0.9995449995916268,0.9996299805419468,4.653936077041044e-05
2033.225614309311,11.71572601542899,0.3451081275939941,0.10083705390138811,0.9,0.0,1.0,100,1,6,0.05,0.3,0.9,"{'classifier__subsample': 0.9, 'classifier__reg_lambda': 0, 'classifier__reg_alpha': 1.0, 'classifier__n_estimators': 100, 'classifier__min_child_weight': 1, 'classifier__max_depth': 6, 'classifier__learning_rate': 0.05, 'classifier__gamma': 0.3, 'classifier__colsample_bytree': 0.9}",0.7464143201838844,0.7424707604735911,0.7386730168366196,0.7418211331067617,0.7430766448629049,0.7424911750927523,0.0024803849598954183,33,0.7831911256728885,0.7759537337491387,0.7701312715308143,0.7788578181839187,0.786733845396171,0.7789735589065863,0.005750281762849914,0.8900220559898908,0.9088496264254603,0.9163325011651422,0.8971292018539538,0.8878641203848169,0.9000395011638528,0.010955720908897607,33,0.9546366533412873,0.9554783975299633,0.9534147866776653,0.9551532467926684,0.9555342393719652,0.9548434647427099,0.000782325523107441,0.9388493292382206,0.9340393288770853,0.9308468772457544,0.9353659531175119,0.9357517855593611,0.9349706548075867,0.002595513464127911,33,0.9465607222984207,0.9441637840209045,0.9415865969592597,0.9448336557778714,0.9482347518212704,0.9450759021755454,0.0022471722505941626
2295.9839977264405,10.279728814493568,0.36992745399475097,0.00786853056064045,0.9,0.0,0.0,300,1,3,0.2,0.0,0.9,"{'classifier__subsample': 0.9, 'classifier__reg_lambda': 0, 'classifier__reg_alpha': 0, 'classifier__n_estimators': 300, 'classifier__min_child_weight': 1, 'classifier__max_depth': 3, 'classifier__learning_rate': 0.2, 'classifier__gamma': 0, 'classifier__colsample_bytree': 0.9}",0.7843172760884499,0.7826743179128801,0.78101014217958,0.7917402570945328,0.7837114119836084,0.7846906810518102,0.003698837878435893,27,0.8354533737574643,0.8331203356285573,0.8282972996474575,0.8438282603888393,0.8384098555809469,0.835821825000653,0.005193326349205764,0.9016655160837367,0.9061828075968703,0.9149974023480787,0.8972479221411807,0.8952549847017339,0.9030697265743199,0.0070554394237582144,30,0.9690786595227815,0.9671802761848444,0.9645935270583733,0.9669521369761768,0.9667677940113373,0.9669144787507026,0.0014257684246094852,0.9494221449616876,0.947886805569909,0.9483186046100474,0.9509467984720572,0.9477131496475785,0.9488575006522559,0.0012021801599682864,29,0.9619959292711364,0.9610308849923527,0.9600709437558453,0.9624970247501476,0.9615899728492483,0.9614369511237462,0.0008355230868565737
2790.5129962444307,34.23818651151649,1.0006092548370362,0.1960967944168738,1.0,0.1,0.0,500,7,4,0.3,0.3,0.8,"{'classifier__subsample': 1.0, 'classifier__reg_lambda': 0.1, 'classifier__reg_alpha': 0, 'classifier__n_estimators': 500, 'classifier__min_child_weight': 7, 'classifier__max_depth': 4, 'classifier__learning_rate': 0.3, 'classifier__gamma': 0.3, 'classifier__colsample_bytree': 0.8}",0.8924846139350638,0.8957067375124744,0.8978081381396201,0.8970805777851283,0.8944595715911955,0.8955079277926963,0.001899641984714366,17,0.9915848847931246,0.9927155210019979,0.9909320800904038,0.992702480712804,0.990664710889914,0.9917199354976489,0.0008612826951217653,0.9027001342845995,0.9162810769581462,0.9121776262304119,0.9017252595345415,0.8982997465330633,0.9062367687081526,0.006812337857123217,26,0.9988622775427041,0.9993903168386051,0.9988535205499817,0.9991863579969162,0.9991798630321188,0.9990944671920652,0.0002074756373525389,0.9773397461243084,0.9788010496729971,0.9783702383806262,0.9788245940543028,0.9756982969245106,0.9778067850313489,0.0011837081142763242,17,0.9981599959284846,0.9985550841927588,0.9980093189162502,0.9983301393213496,0.9980213232498212,0.9982151723217327,0.00020579359206106197
2699.2103098392486,23.516367644508218,1.0260571479797362,0.3400486268256993,0.8,0.5,1.0,300,1,6,0.1,0.1,0.8,"{'classifier__subsample': 0.8, 'classifier__reg_lambda': 0.5, 'classifier__reg_alpha': 1.0, 'classifier__n_estimators': 300, 'classifier__min_child_weight': 1, 'classifier__max_depth': 6, 'classifier__learning_rate': 0.1, 'classifier__gamma': 0.1, 'classifier__colsample_bytree': 0.8}",0.8746008817337712,0.8815380849363942,0.8785018708143421,0.8828292293633716,0.8820640296172748,0.8799068192930306,0.0030325539801297555,20,0.9602231684285625,0.9609697422085741,0.9589507423457837,0.9631535647092194,0.9626117175464755,0.9611817870477232,0.001541043900121022,0.9067573998209886,0.9271520223854453,0.9223634376448769,0.9088356665664381,0.9088948643954182,0.9148006781626334,0.008305484467189107,1,0.9946886821626325,0.9946740421555734,0.9943865389135873,0.9944512172654228,0.9953819173401237,0.9947164795674679,0.0003534419281552226,0.9735050286379753,0.9743715220179626,0.9734740485951059,0.9749671365321517,0.9733131395170808,0.9739261750600553,0.0006386751796328084,20,0.9913215956351689,0.9915182455186318,0.9910287319690966,0.9913008930377334,0.9918874975794142,0.9914113927480089,0.0002845334090191898
2442.815403795242,33.90400468184152,0.4895665645599365,0.11776813173902724,1.0,0.0,0.1,200,3,8,0.2,0.0,0.9,"{'classifier__subsample': 1.0, 'classifier__reg_lambda': 0, 'classifier__reg_alpha': 0.1, 'classifier__n_estimators': 200, 'classifier__min_child_weight': 3, 'classifier__max_depth': 8, 'classifier__learning_rate': 0.2, 'classifier__gamma': 0, 'classifier__colsample_bytree': 0.9}",0.9030957238106311,0.9125693514698474,0.910214304348866,0.9036994148682866,0.9105112348406476,0.9080180058676557,0.0038635153264782143,10,0.9988231569316957,0.9989616736231447,0.9990765423779328,0.9987993043672393,0.9987657696366053,0.9988852893873237,0.00011657709417542322,0.8995597199938594,0.9153689469184488,0.9139691715784046,0.897309521502317,0.9009178629965404,0.9054250445979142,0.00764802893604545,27,0.9999379053401407,0.9999379064111631,0.9999448056988115,0.9998947191945792,0.9999344567673388,0.9999299586824067,1.7937691758161784e-05,0.9797175214625629,0.9826372102861989,0.9808958555271399,0.9813137219928358,0.9802747950369739,0.9809678208611423,0.0009955120324484383,7,0.9997435790741198,0.9997436421918198,0.9997720647349222,0.9997293017442509,0.9997293734218698,0.9997435922333965,1.5601786393822282e-05
2012.4892632961273,32.07249993223631,0.289155387878418,0.14005088301165178,0.8,0.1,0.1,100,5,8,0.3,0.0,0.8,"{'classifier__subsample': 0.8, 'classifier__reg_lambda': 0.1, 'classifier__reg_alpha': 0.1, 'classifier__n_estimators': 100, 'classifier__min_child_weight': 5, 'classifier__max_depth': 8, 'classifier__learning_rate': 0.3, 'classifier__gamma': 0, 'classifier__colsample_bytree': 0.8}",0.9022992709044448,0.9007934604148815,0.9046124764416614,0.899386175029148,0.9092687141300297,0.903272019384033,0.0034625555163348655,15,0.9952423160173497,0.9948960572241464,0.9950727877084381,0.995121232717737,0.9950061968121237,0.9950677180959591,0.00011543506672141205,0.8974042987978142,0.9065347270501143,0.9196345595646986,0.9023301465614271,0.9053652372159128,0.9062537938379933,0.0073975930976277315,25,0.9992915814130374,0.9997309277817065,0.9995787042696893,0.9995458659845783,0.9995114141208207,0.9995316987139663,0.00014154168162240554,0.9796091426051031,0.9797002553614859,0.9793836780015971,0.9794666744874045,0.9794291188198179,0.9795177738550818,0.00011840634040152703,15,0.9988795061462441,0.9988951366023455,0.9988802963497498,0.9989088504031395,0.9987678063500469,0.9988663191703052,5.04249616572671e-05
2698.2996552944182,182.37085428754682,0.42883944511413574,0.035630906724424455,0.8,0.5,1.0,500,1,7,0.2,0.3,0.8,"{'classifier__subsample': 0.8, 'classifier__reg_lambda': 0.5, 'classifier__reg_alpha': 1.0, 'classifier__n_estimators': 500, 'classifier__min_child_weight': 1, 'classifier__max_depth': 7, 'classifier__learning_rate': 0.2, 'classifier__gamma': 0.3, 'classifier__colsample_bytree': 0.8}",0.9051682972548271,0.9167269046594487,0.9165893796960072,0.9051853654495823,0.9086777086027465,0.9104695311325223,0.0052123581124950405,2,0.9986484384350248,0.9984244365244554,0.9990851031687166,0.998247543278169,0.9987530146214993,0.998631707205573,0.00028674252595734033,0.9025798299029223,0.9227189481846247,0.9228377957534184,0.9024225471807036,0.898592792514633,0.9098303827072604,0.010668063467303875,7,0.9998289323340789,0.9999024833630534,0.9998722298409408,0.9998549816218196,0.9999085084421836,0.9998734271204153,2.9652724262581078e-05,0.9805522016637986,0.9826833134946654,0.982331128331472,0.9812530422136143,0.980138291595598,0.9813915954598296,0.000984459955647429,1,0.9997433067267321,0.9997433170627804,0.9998002440172018,0.9997291015709273,0.9997861405653362,0.9997604219885956,2.761781450655431e-05
